<?xml version="1.0" encoding="UTF-8" standalone="yes"?><template><description>This flow shows how to send and receive messages from Syslog. It requires a Syslog server to be accepting incoming connections using the protocol and port specified in PutSyslog, and forwarding connections using the protocol and port specified in ListenSyslog.</description><name>SyslogExample</name><snippet><connections><id>c90de72d-9e4f-4d34-9c72-f07bdf400753</id><parentGroupId>6a519c59-9557-4837-a261-f539b369d221</parentGroupId><backPressureDataSizeThreshold>0 MB</backPressureDataSizeThreshold><backPressureObjectThreshold>0</backPressureObjectThreshold><bends><x>687.0</x><y>308.0</y></bends><destination><groupId>6a519c59-9557-4837-a261-f539b369d221</groupId><id>2bd612a4-f019-49ab-b2b8-9cad0e9b7d4d</id><type>PROCESSOR</type></destination><flowFileExpiration>0 sec</flowFileExpiration><labelIndex>0</labelIndex><name></name><selectedRelationships>invalid</selectedRelationships><source><groupId>6a519c59-9557-4837-a261-f539b369d221</groupId><id>25cbf180-1975-471f-b592-0c8d335ea288</id><type>PROCESSOR</type></source><zIndex>0</zIndex></connections><connections><id>6f247e94-18c6-4d90-8c37-e019e23c5d09</id><parentGroupId>6a519c59-9557-4837-a261-f539b369d221</parentGroupId><backPressureDataSizeThreshold>0 MB</backPressureDataSizeThreshold><backPressureObjectThreshold>0</backPressureObjectThreshold><destination><groupId>6a519c59-9557-4837-a261-f539b369d221</groupId><id>7ab0725b-cb9e-4622-bfde-4eeb908c7479</id><type>PROCESSOR</type></destination><flowFileExpiration>0 sec</flowFileExpiration><labelIndex>1</labelIndex><name></name><selectedRelationships>failure</selectedRelationships><source><groupId>6a519c59-9557-4837-a261-f539b369d221</groupId><id>2174076c-188e-4494-9a2d-5d565c6ee0b3</id><type>PROCESSOR</type></source><zIndex>0</zIndex></connections><connections><id>1248c97b-44ee-4bfc-b608-c554a02a18e6</id><parentGroupId>6a519c59-9557-4837-a261-f539b369d221</parentGroupId><backPressureDataSizeThreshold>0 MB</backPressureDataSizeThreshold><backPressureObjectThreshold>0</backPressureObjectThreshold><destination><groupId>6a519c59-9557-4837-a261-f539b369d221</groupId><id>fc76cda2-f87c-48db-bda6-e81a61a7137e</id><type>PROCESSOR</type></destination><flowFileExpiration>0 sec</flowFileExpiration><labelIndex>1</labelIndex><name></name><selectedRelationships>success</selectedRelationships><source><groupId>6a519c59-9557-4837-a261-f539b369d221</groupId><id>cb712f6c-c390-48f1-8afe-4f658821ef7b</id><type>PROCESSOR</type></source><zIndex>0</zIndex></connections><connections><id>1a116e87-ad56-481d-856b-bd1a960e9631</id><parentGroupId>6a519c59-9557-4837-a261-f539b369d221</parentGroupId><backPressureDataSizeThreshold>0 MB</backPressureDataSizeThreshold><backPressureObjectThreshold>0</backPressureObjectThreshold><destination><groupId>6a519c59-9557-4837-a261-f539b369d221</groupId><id>2174076c-188e-4494-9a2d-5d565c6ee0b3</id><type>PROCESSOR</type></destination><flowFileExpiration>0 sec</flowFileExpiration><labelIndex>1</labelIndex><name></name><selectedRelationships>success</selectedRelationships><source><groupId>6a519c59-9557-4837-a261-f539b369d221</groupId><id>fc76cda2-f87c-48db-bda6-e81a61a7137e</id><type>PROCESSOR</type></source><zIndex>0</zIndex></connections><connections><id>65a1925e-9c9e-40ee-9541-3b9f951e2757</id><parentGroupId>6a519c59-9557-4837-a261-f539b369d221</parentGroupId><backPressureDataSizeThreshold>0 MB</backPressureDataSizeThreshold><backPressureObjectThreshold>0</backPressureObjectThreshold><bends><x>1818.0</x><y>659.0</y></bends><destination><groupId>6a519c59-9557-4837-a261-f539b369d221</groupId><id>aec39197-e4ed-4b25-99fe-70546b4c8e6c</id><type>PROCESSOR</type></destination><flowFileExpiration>0 sec</flowFileExpiration><labelIndex>0</labelIndex><name></name><selectedRelationships>invalid</selectedRelationships><source><groupId>6a519c59-9557-4837-a261-f539b369d221</groupId><id>2174076c-188e-4494-9a2d-5d565c6ee0b3</id><type>PROCESSOR</type></source><zIndex>0</zIndex></connections><connections><id>cb126a55-9fe9-4da0-bf0f-5b069b09eeb5</id><parentGroupId>6a519c59-9557-4837-a261-f539b369d221</parentGroupId><backPressureDataSizeThreshold>0 MB</backPressureDataSizeThreshold><backPressureObjectThreshold>0</backPressureObjectThreshold><bends><x>936.0</x><y>307.0</y></bends><destination><groupId>6a519c59-9557-4837-a261-f539b369d221</groupId><id>7f2e6b0c-6f2b-437c-8176-9c42ba848fc6</id><type>PROCESSOR</type></destination><flowFileExpiration>0 sec</flowFileExpiration><labelIndex>0</labelIndex><name></name><selectedRelationships>success</selectedRelationships><source><groupId>6a519c59-9557-4837-a261-f539b369d221</groupId><id>25cbf180-1975-471f-b592-0c8d335ea288</id><type>PROCESSOR</type></source><zIndex>0</zIndex></connections><connections><id>68e37535-c417-4c97-9712-b63600602254</id><parentGroupId>6a519c59-9557-4837-a261-f539b369d221</parentGroupId><backPressureDataSizeThreshold>0 MB</backPressureDataSizeThreshold><backPressureObjectThreshold>0</backPressureObjectThreshold><bends><x>1402.0</x><y>659.0</y></bends><destination><groupId>6a519c59-9557-4837-a261-f539b369d221</groupId><id>0e8f7dd8-68c9-41d6-862c-bb1c66edaa7d</id><type>PROCESSOR</type></destination><flowFileExpiration>0 sec</flowFileExpiration><labelIndex>0</labelIndex><name></name><selectedRelationships>success</selectedRelationships><source><groupId>6a519c59-9557-4837-a261-f539b369d221</groupId><id>2174076c-188e-4494-9a2d-5d565c6ee0b3</id><type>PROCESSOR</type></source><zIndex>0</zIndex></connections><labels><id>67ca815b-b496-467e-9679-3ea5599e4a1f</id><parentGroupId>6a519c59-9557-4837-a261-f539b369d221</parentGroupId><position><x>1215.0</x><y>122.0</y></position><height>837.0</height><label>Expects the Syslog Server to be accepting incoming connections for the protocol and port configured in PutSyslog.</label><style><entry><key>background-color</key><value>#a9ff8f</value></entry><entry><key>font-size</key><value>12px</value></entry></style><width>783.0</width></labels><labels><id>217a2982-6a00-46a2-953e-54590abc435f</id><parentGroupId>6a519c59-9557-4837-a261-f539b369d221</parentGroupId><position><x>485.0</x><y>122.0</y></position><height>409.0</height><label>Expects the Syslog Server to be forwarding messages using the protocol and port configured in ListenSyslog.</label><style><entry><key>background-color</key><value>#91daff</value></entry><entry><key>font-size</key><value>12px</value></entry></style><width>699.0</width></labels><processors><id>7f2e6b0c-6f2b-437c-8176-9c42ba848fc6</id><parentGroupId>6a519c59-9557-4837-a261-f539b369d221</parentGroupId><position><x>850.0</x><y>409.0</y></position><config><bulletinLevel>WARN</bulletinLevel><comments></comments><concurrentlySchedulableTaskCount>1</concurrentlySchedulableTaskCount><defaultConcurrentTasks><entry><key>TIMER_DRIVEN</key><value>1</value></entry><entry><key>EVENT_DRIVEN</key><value>0</value></entry><entry><key>CRON_DRIVEN</key><value>1</value></entry></defaultConcurrentTasks><defaultSchedulingPeriod><entry><key>TIMER_DRIVEN</key><value>0 sec</value></entry><entry><key>CRON_DRIVEN</key><value>* * * * * ?</value></entry></defaultSchedulingPeriod><descriptors><entry><key>Delete Attributes Expression</key><value><description>Regular expression for attributes to be deleted from flowfiles.</description><displayName>Delete Attributes Expression</displayName><dynamic>false</dynamic><name>Delete Attributes Expression</name><required>false</required><sensitive>false</sensitive><supportsEl>false</supportsEl></value></entry></descriptors><lossTolerant>false</lossTolerant><penaltyDuration>30 sec</penaltyDuration><properties><entry><key>Delete Attributes Expression</key></entry></properties><runDurationMillis>0</runDurationMillis><schedulingPeriod>0 sec</schedulingPeriod><schedulingStrategy>TIMER_DRIVEN</schedulingStrategy><yieldDuration>1 sec</yieldDuration></config><name>UpdateAttribute</name><relationships><autoTerminate>true</autoTerminate><description>All FlowFiles are routed to this relationship</description><name>success</name></relationships><state>STOPPED</state><style/><supportsEventDriven>true</supportsEventDriven><supportsParallelProcessing>true</supportsParallelProcessing><type>org.apache.nifi.processors.attributes.UpdateAttribute</type></processors><processors><id>25cbf180-1975-471f-b592-0c8d335ea288</id><parentGroupId>6a519c59-9557-4837-a261-f539b369d221</parentGroupId><position><x>665.0</x><y>175.0</y></position><config><bulletinLevel>WARN</bulletinLevel><comments></comments><concurrentlySchedulableTaskCount>2</concurrentlySchedulableTaskCount><defaultConcurrentTasks><entry><key>TIMER_DRIVEN</key><value>1</value></entry><entry><key>EVENT_DRIVEN</key><value>0</value></entry><entry><key>CRON_DRIVEN</key><value>1</value></entry></defaultConcurrentTasks><defaultSchedulingPeriod><entry><key>TIMER_DRIVEN</key><value>0 sec</value></entry><entry><key>CRON_DRIVEN</key><value>* * * * * ?</value></entry></defaultSchedulingPeriod><descriptors><entry><key>Protocol</key><value><allowableValues><displayName>TCP</displayName><value>TCP</value></allowableValues><allowableValues><displayName>UDP</displayName><value>UDP</value></allowableValues><defaultValue>UDP</defaultValue><description>The protocol for Syslog communication, either TCP or UDP.</description><displayName>Protocol</displayName><dynamic>false</dynamic><name>Protocol</name><required>true</required><sensitive>false</sensitive><supportsEl>false</supportsEl></value></entry><entry><key>Port</key><value><description>The port for Syslog communication.</description><displayName>Port</displayName><dynamic>false</dynamic><name>Port</name><required>true</required><sensitive>false</sensitive><supportsEl>false</supportsEl></value></entry><entry><key>Receive Buffer Size</key><value><defaultValue>65507 B</defaultValue><description>The size of each buffer used to receive Syslog messages. Adjust this value appropriately based on the expected size of the incoming Syslog messages. When UDP is selected each buffer will hold one Syslog message. When TCP is selected messages are read from an incoming connection until the buffer is full, or the connection is closed. </description><displayName>Receive Buffer Size</displayName><dynamic>false</dynamic><name>Receive Buffer Size</name><required>true</required><sensitive>false</sensitive><supportsEl>false</supportsEl></value></entry><entry><key>Max Size of Socket Buffer</key><value><defaultValue>1 MB</defaultValue><description>The maximum size of the socket buffer that should be used. This is a suggestion to the Operating System to indicate how big the socket buffer should be. If this value is set too low, the buffer may fill up before the data can be read, and incoming data will be dropped.</description><displayName>Max Size of Socket Buffer</displayName><dynamic>false</dynamic><name>Max Size of Socket Buffer</name><required>true</required><sensitive>false</sensitive><supportsEl>false</supportsEl></value></entry><entry><key>Max Number of TCP Connections</key><value><defaultValue>2</defaultValue><description>The maximum number of concurrent connections to accept Syslog messages in TCP mode.</description><displayName>Max Number of TCP Connections</displayName><dynamic>false</dynamic><name>Max Number of TCP Connections</name><required>true</required><sensitive>false</sensitive><supportsEl>false</supportsEl></value></entry><entry><key>Character Set</key><value><defaultValue>UTF-8</defaultValue><description>Specifies which character set of the Syslog messages</description><displayName>Character Set</displayName><dynamic>false</dynamic><name>Character Set</name><required>true</required><sensitive>false</sensitive><supportsEl>false</supportsEl></value></entry></descriptors><lossTolerant>false</lossTolerant><penaltyDuration>30 sec</penaltyDuration><properties><entry><key>Protocol</key><value>TCP</value></entry><entry><key>Port</key><value>7078</value></entry><entry><key>Receive Buffer Size</key><value>65 KB</value></entry><entry><key>Max Size of Socket Buffer</key><value>1 MB</value></entry><entry><key>Max Number of TCP Connections</key></entry><entry><key>Character Set</key><value>UTF-8</value></entry></properties><runDurationMillis>50</runDurationMillis><schedulingPeriod>0 sec</schedulingPeriod><schedulingStrategy>TIMER_DRIVEN</schedulingStrategy><yieldDuration>1 sec</yieldDuration></config><name>Receive from Syslog</name><relationships><autoTerminate>false</autoTerminate><description>Syslog messages that do not match one of the expected formats will be sent out this relationship as a FlowFile per message.</description><name>invalid</name></relationships><relationships><autoTerminate>false</autoTerminate><description>Syslog messages that match one of the expected formats will be sent out this relationship as a FlowFile per message.</description><name>success</name></relationships><state>STOPPED</state><style/><supportsEventDriven>false</supportsEventDriven><supportsParallelProcessing>true</supportsParallelProcessing><type>org.apache.nifi.processors.standard.ListenSyslog</type></processors><processors><id>aec39197-e4ed-4b25-99fe-70546b4c8e6c</id><parentGroupId>6a519c59-9557-4837-a261-f539b369d221</parentGroupId><position><x>1666.0</x><y>835.0</y></position><config><bulletinLevel>WARN</bulletinLevel><comments></comments><concurrentlySchedulableTaskCount>1</concurrentlySchedulableTaskCount><defaultConcurrentTasks><entry><key>TIMER_DRIVEN</key><value>1</value></entry><entry><key>EVENT_DRIVEN</key><value>0</value></entry><entry><key>CRON_DRIVEN</key><value>1</value></entry></defaultConcurrentTasks><defaultSchedulingPeriod><entry><key>TIMER_DRIVEN</key><value>0 sec</value></entry><entry><key>CRON_DRIVEN</key><value>* * * * * ?</value></entry></defaultSchedulingPeriod><descriptors><entry><key>Delete Attributes Expression</key><value><description>Regular expression for attributes to be deleted from flowfiles.</description><displayName>Delete Attributes Expression</displayName><dynamic>false</dynamic><name>Delete Attributes Expression</name><required>false</required><sensitive>false</sensitive><supportsEl>false</supportsEl></value></entry></descriptors><lossTolerant>false</lossTolerant><penaltyDuration>30 sec</penaltyDuration><properties><entry><key>Delete Attributes Expression</key></entry></properties><runDurationMillis>0</runDurationMillis><schedulingPeriod>0 sec</schedulingPeriod><schedulingStrategy>TIMER_DRIVEN</schedulingStrategy><yieldDuration>1 sec</yieldDuration></config><name>UpdateAttribute</name><relationships><autoTerminate>true</autoTerminate><description>All FlowFiles are routed to this relationship</description><name>success</name></relationships><state>STOPPED</state><style/><supportsEventDriven>true</supportsEventDriven><supportsParallelProcessing>true</supportsParallelProcessing><type>org.apache.nifi.processors.attributes.UpdateAttribute</type></processors><processors><id>0e8f7dd8-68c9-41d6-862c-bb1c66edaa7d</id><parentGroupId>6a519c59-9557-4837-a261-f539b369d221</parentGroupId><position><x>1249.0</x><y>838.0</y></position><config><bulletinLevel>WARN</bulletinLevel><comments></comments><concurrentlySchedulableTaskCount>1</concurrentlySchedulableTaskCount><defaultConcurrentTasks><entry><key>TIMER_DRIVEN</key><value>1</value></entry><entry><key>EVENT_DRIVEN</key><value>0</value></entry><entry><key>CRON_DRIVEN</key><value>1</value></entry></defaultConcurrentTasks><defaultSchedulingPeriod><entry><key>TIMER_DRIVEN</key><value>0 sec</value></entry><entry><key>CRON_DRIVEN</key><value>* * * * * ?</value></entry></defaultSchedulingPeriod><descriptors><entry><key>Delete Attributes Expression</key><value><description>Regular expression for attributes to be deleted from flowfiles.</description><displayName>Delete Attributes Expression</displayName><dynamic>false</dynamic><name>Delete Attributes Expression</name><required>false</required><sensitive>false</sensitive><supportsEl>false</supportsEl></value></entry></descriptors><lossTolerant>false</lossTolerant><penaltyDuration>30 sec</penaltyDuration><properties><entry><key>Delete Attributes Expression</key></entry></properties><runDurationMillis>0</runDurationMillis><schedulingPeriod>0 sec</schedulingPeriod><schedulingStrategy>TIMER_DRIVEN</schedulingStrategy><yieldDuration>1 sec</yieldDuration></config><name>UpdateAttribute</name><relationships><autoTerminate>true</autoTerminate><description>All FlowFiles are routed to this relationship</description><name>success</name></relationships><state>STOPPED</state><style/><supportsEventDriven>true</supportsEventDriven><supportsParallelProcessing>true</supportsParallelProcessing><type>org.apache.nifi.processors.attributes.UpdateAttribute</type></processors><processors><id>2bd612a4-f019-49ab-b2b8-9cad0e9b7d4d</id><parentGroupId>6a519c59-9557-4837-a261-f539b369d221</parentGroupId><position><x>511.0</x><y>409.0</y></position><config><bulletinLevel>WARN</bulletinLevel><comments></comments><concurrentlySchedulableTaskCount>1</concurrentlySchedulableTaskCount><defaultConcurrentTasks><entry><key>TIMER_DRIVEN</key><value>1</value></entry><entry><key>EVENT_DRIVEN</key><value>0</value></entry><entry><key>CRON_DRIVEN</key><value>1</value></entry></defaultConcurrentTasks><defaultSchedulingPeriod><entry><key>TIMER_DRIVEN</key><value>0 sec</value></entry><entry><key>CRON_DRIVEN</key><value>* * * * * ?</value></entry></defaultSchedulingPeriod><descriptors><entry><key>Delete Attributes Expression</key><value><description>Regular expression for attributes to be deleted from flowfiles.</description><displayName>Delete Attributes Expression</displayName><dynamic>false</dynamic><name>Delete Attributes Expression</name><required>false</required><sensitive>false</sensitive><supportsEl>false</supportsEl></value></entry></descriptors><lossTolerant>false</lossTolerant><penaltyDuration>30 sec</penaltyDuration><properties><entry><key>Delete Attributes Expression</key></entry></properties><runDurationMillis>0</runDurationMillis><schedulingPeriod>0 sec</schedulingPeriod><schedulingStrategy>TIMER_DRIVEN</schedulingStrategy><yieldDuration>1 sec</yieldDuration></config><name>UpdateAttribute</name><relationships><autoTerminate>true</autoTerminate><description>All FlowFiles are routed to this relationship</description><name>success</name></relationships><state>STOPPED</state><style/><supportsEventDriven>true</supportsEventDriven><supportsParallelProcessing>true</supportsParallelProcessing><type>org.apache.nifi.processors.attributes.UpdateAttribute</type></processors><processors><id>fc76cda2-f87c-48db-bda6-e81a61a7137e</id><parentGroupId>6a519c59-9557-4837-a261-f539b369d221</parentGroupId><position><x>1443.0</x><y>343.0</y></position><config><bulletinLevel>WARN</bulletinLevel><comments></comments><concurrentlySchedulableTaskCount>1</concurrentlySchedulableTaskCount><defaultConcurrentTasks><entry><key>TIMER_DRIVEN</key><value>1</value></entry><entry><key>EVENT_DRIVEN</key><value>0</value></entry><entry><key>CRON_DRIVEN</key><value>1</value></entry></defaultConcurrentTasks><defaultSchedulingPeriod><entry><key>TIMER_DRIVEN</key><value>0 sec</value></entry><entry><key>CRON_DRIVEN</key><value>* * * * * ?</value></entry></defaultSchedulingPeriod><descriptors><entry><key>Delete Attributes Expression</key><value><description>Regular expression for attributes to be deleted from flowfiles.</description><displayName>Delete Attributes Expression</displayName><dynamic>false</dynamic><name>Delete Attributes Expression</name><required>false</required><sensitive>false</sensitive><supportsEl>false</supportsEl></value></entry><entry><key>syslog.body</key><value><description></description><displayName>syslog.body</displayName><dynamic>true</dynamic><name>syslog.body</name><required>false</required><sensitive>false</sensitive><supportsEl>true</supportsEl></value></entry><entry><key>syslog.priority</key><value><description></description><displayName>syslog.priority</displayName><dynamic>true</dynamic><name>syslog.priority</name><required>false</required><sensitive>false</sensitive><supportsEl>true</supportsEl></value></entry><entry><key>syslog.timestamp</key><value><description></description><displayName>syslog.timestamp</displayName><dynamic>true</dynamic><name>syslog.timestamp</name><required>false</required><sensitive>false</sensitive><supportsEl>true</supportsEl></value></entry></descriptors><lossTolerant>false</lossTolerant><penaltyDuration>30 sec</penaltyDuration><properties><entry><key>Delete Attributes Expression</key></entry><entry><key>syslog.body</key><value>test message</value></entry><entry><key>syslog.priority</key><value>10</value></entry><entry><key>syslog.timestamp</key><value>${now():format(&quot;yyyy-MM-dd'T'HH:mm:ss.SSS'Z'&quot;)}</value></entry></properties><runDurationMillis>0</runDurationMillis><schedulingPeriod>0 sec</schedulingPeriod><schedulingStrategy>TIMER_DRIVEN</schedulingStrategy><yieldDuration>1 sec</yieldDuration></config><name>Set priority, timestamp, and body</name><relationships><autoTerminate>false</autoTerminate><description>All FlowFiles are routed to this relationship</description><name>success</name></relationships><state>STOPPED</state><style/><supportsEventDriven>true</supportsEventDriven><supportsParallelProcessing>true</supportsParallelProcessing><type>org.apache.nifi.processors.attributes.UpdateAttribute</type></processors><processors><id>cb712f6c-c390-48f1-8afe-4f658821ef7b</id><parentGroupId>6a519c59-9557-4837-a261-f539b369d221</parentGroupId><position><x>1443.0</x><y>183.0</y></position><config><bulletinLevel>WARN</bulletinLevel><comments></comments><concurrentlySchedulableTaskCount>1</concurrentlySchedulableTaskCount><defaultConcurrentTasks><entry><key>TIMER_DRIVEN</key><value>1</value></entry><entry><key>EVENT_DRIVEN</key><value>0</value></entry><entry><key>CRON_DRIVEN</key><value>1</value></entry></defaultConcurrentTasks><defaultSchedulingPeriod><entry><key>TIMER_DRIVEN</key><value>0 sec</value></entry><entry><key>CRON_DRIVEN</key><value>* * * * * ?</value></entry></defaultSchedulingPeriod><descriptors><entry><key>File Size</key><value><description>The size of the file that will be used</description><displayName>File Size</displayName><dynamic>false</dynamic><name>File Size</name><required>true</required><sensitive>false</sensitive><supportsEl>false</supportsEl></value></entry><entry><key>Batch Size</key><value><defaultValue>1</defaultValue><description>The number of FlowFiles to be transferred in each invocation</description><displayName>Batch Size</displayName><dynamic>false</dynamic><name>Batch Size</name><required>true</required><sensitive>false</sensitive><supportsEl>false</supportsEl></value></entry><entry><key>Data Format</key><value><allowableValues><displayName>Binary</displayName><value>Binary</value></allowableValues><allowableValues><displayName>Text</displayName><value>Text</value></allowableValues><defaultValue>Binary</defaultValue><description>Specifies whether the data should be Text or Binary</description><displayName>Data Format</displayName><dynamic>false</dynamic><name>Data Format</name><required>true</required><sensitive>false</sensitive><supportsEl>false</supportsEl></value></entry><entry><key>Unique FlowFiles</key><value><allowableValues><displayName>true</displayName><value>true</value></allowableValues><allowableValues><displayName>false</displayName><value>false</value></allowableValues><defaultValue>false</defaultValue><description>If true, each FlowFile that is generated will be unique. If false, a random value will be generated and all FlowFiles will get the same content but this offers much higher throughput</description><displayName>Unique FlowFiles</displayName><dynamic>false</dynamic><name>Unique FlowFiles</name><required>true</required><sensitive>false</sensitive><supportsEl>false</supportsEl></value></entry></descriptors><lossTolerant>false</lossTolerant><penaltyDuration>30 sec</penaltyDuration><properties><entry><key>File Size</key><value>1 kb</value></entry><entry><key>Batch Size</key><value>1</value></entry><entry><key>Data Format</key><value>Binary</value></entry><entry><key>Unique FlowFiles</key><value>false</value></entry></properties><runDurationMillis>0</runDurationMillis><schedulingPeriod>1 sec</schedulingPeriod><schedulingStrategy>TIMER_DRIVEN</schedulingStrategy><yieldDuration>1 sec</yieldDuration></config><name>GenerateFlowFile</name><relationships><autoTerminate>false</autoTerminate><description></description><name>success</name></relationships><state>STOPPED</state><style/><supportsEventDriven>false</supportsEventDriven><supportsParallelProcessing>true</supportsParallelProcessing><type>org.apache.nifi.processors.standard.GenerateFlowFile</type></processors><processors><id>7ab0725b-cb9e-4622-bfde-4eeb908c7479</id><parentGroupId>6a519c59-9557-4837-a261-f539b369d221</parentGroupId><position><x>1459.0</x><y>714.0</y></position><config><bulletinLevel>WARN</bulletinLevel><comments></comments><concurrentlySchedulableTaskCount>1</concurrentlySchedulableTaskCount><defaultConcurrentTasks><entry><key>TIMER_DRIVEN</key><value>1</value></entry><entry><key>EVENT_DRIVEN</key><value>0</value></entry><entry><key>CRON_DRIVEN</key><value>1</value></entry></defaultConcurrentTasks><defaultSchedulingPeriod><entry><key>TIMER_DRIVEN</key><value>0 sec</value></entry><entry><key>CRON_DRIVEN</key><value>* * * * * ?</value></entry></defaultSchedulingPeriod><descriptors><entry><key>Delete Attributes Expression</key><value><description>Regular expression for attributes to be deleted from flowfiles.</description><displayName>Delete Attributes Expression</displayName><dynamic>false</dynamic><name>Delete Attributes Expression</name><required>false</required><sensitive>false</sensitive><supportsEl>false</supportsEl></value></entry></descriptors><lossTolerant>false</lossTolerant><penaltyDuration>30 sec</penaltyDuration><properties><entry><key>Delete Attributes Expression</key></entry></properties><runDurationMillis>0</runDurationMillis><schedulingPeriod>0 sec</schedulingPeriod><schedulingStrategy>TIMER_DRIVEN</schedulingStrategy><yieldDuration>1 sec</yieldDuration></config><name>UpdateAttribute</name><relationships><autoTerminate>true</autoTerminate><description>All FlowFiles are routed to this relationship</description><name>success</name></relationships><state>STOPPED</state><style/><supportsEventDriven>true</supportsEventDriven><supportsParallelProcessing>true</supportsParallelProcessing><type>org.apache.nifi.processors.attributes.UpdateAttribute</type></processors><processors><id>2174076c-188e-4494-9a2d-5d565c6ee0b3</id><parentGroupId>6a519c59-9557-4837-a261-f539b369d221</parentGroupId><position><x>1448.0</x><y>505.0</y></position><config><bulletinLevel>WARN</bulletinLevel><comments></comments><concurrentlySchedulableTaskCount>3</concurrentlySchedulableTaskCount><defaultConcurrentTasks><entry><key>TIMER_DRIVEN</key><value>1</value></entry><entry><key>EVENT_DRIVEN</key><value>0</value></entry><entry><key>CRON_DRIVEN</key><value>1</value></entry></defaultConcurrentTasks><defaultSchedulingPeriod><entry><key>TIMER_DRIVEN</key><value>0 sec</value></entry><entry><key>CRON_DRIVEN</key><value>* * * * * ?</value></entry></defaultSchedulingPeriod><descriptors><entry><key>Hostname</key><value><defaultValue>localhost</defaultValue><description>The ip address or hostname of the Syslog server.</description><displayName>Hostname</displayName><dynamic>false</dynamic><name>Hostname</name><required>true</required><sensitive>false</sensitive><supportsEl>false</supportsEl></value></entry><entry><key>Protocol</key><value><allowableValues><displayName>TCP</displayName><value>TCP</value></allowableValues><allowableValues><displayName>UDP</displayName><value>UDP</value></allowableValues><defaultValue>UDP</defaultValue><description>The protocol for Syslog communication, either TCP or UDP.</description><displayName>Protocol</displayName><dynamic>false</dynamic><name>Protocol</name><required>true</required><sensitive>false</sensitive><supportsEl>false</supportsEl></value></entry><entry><key>Port</key><value><description>The port for Syslog communication.</description><displayName>Port</displayName><dynamic>false</dynamic><name>Port</name><required>true</required><sensitive>false</sensitive><supportsEl>false</supportsEl></value></entry><entry><key>Idle Connection Expiration</key><value><defaultValue>5 seconds</defaultValue><description>The amount of time a connection should be held open without being used before closing the connection.</description><displayName>Idle Connection Expiration</displayName><dynamic>false</dynamic><name>Idle Connection Expiration</name><required>true</required><sensitive>false</sensitive><supportsEl>false</supportsEl></value></entry><entry><key>Send Buffer Size</key><value><defaultValue>2048 B</defaultValue><description>The size of each buffer used to send a Syslog message. Adjust this value appropriately based on the expected size of the Syslog messages being produced. Messages larger than this buffer size will still be sent, but will not make use of the buffer pool.</description><displayName>Send Buffer Size</displayName><dynamic>false</dynamic><name>Send Buffer Size</name><required>true</required><sensitive>false</sensitive><supportsEl>false</supportsEl></value></entry><entry><key>Batch Size</key><value><defaultValue>25</defaultValue><description>The number of incoming FlowFiles to process in a single execution of this processor.</description><displayName>Batch Size</displayName><dynamic>false</dynamic><name>Batch Size</name><required>true</required><sensitive>false</sensitive><supportsEl>false</supportsEl></value></entry><entry><key>Character Set</key><value><defaultValue>UTF-8</defaultValue><description>Specifies which character set of the Syslog messages</description><displayName>Character Set</displayName><dynamic>false</dynamic><name>Character Set</name><required>true</required><sensitive>false</sensitive><supportsEl>false</supportsEl></value></entry><entry><key>Message Priority</key><value><description>The priority for the Syslog messages, excluding &lt; &gt;.</description><displayName>Message Priority</displayName><dynamic>false</dynamic><name>Message Priority</name><required>true</required><sensitive>false</sensitive><supportsEl>true</supportsEl></value></entry><entry><key>Message Version</key><value><description>The version for the Syslog messages.</description><displayName>Message Version</displayName><dynamic>false</dynamic><name>Message Version</name><required>false</required><sensitive>false</sensitive><supportsEl>true</supportsEl></value></entry><entry><key>Message Timestamp</key><value><description>The timestamp for the Syslog messages. The timestamp can be an RFC5424 timestamp with a format of &quot;yyyy-MM-dd'T'HH:mm:ss.SZ&quot; or &quot;yyyy-MM-dd'T'HH:mm:ss.S+hh:mm&quot;, &quot; or it can be an RFC3164 timestamp with a format of &quot;MMM d HH:mm:ss&quot;.</description><displayName>Message Timestamp</displayName><dynamic>false</dynamic><name>Message Timestamp</name><required>true</required><sensitive>false</sensitive><supportsEl>true</supportsEl></value></entry><entry><key>Message Hostname</key><value><defaultValue>${hostname(true)}</defaultValue><description>The hostname for the Syslog messages.</description><displayName>Message Hostname</displayName><dynamic>false</dynamic><name>Message Hostname</name><required>true</required><sensitive>false</sensitive><supportsEl>true</supportsEl></value></entry><entry><key>Message Body</key><value><description>The body for the Syslog messages.</description><displayName>Message Body</displayName><dynamic>false</dynamic><name>Message Body</name><required>true</required><sensitive>false</sensitive><supportsEl>true</supportsEl></value></entry></descriptors><lossTolerant>false</lossTolerant><penaltyDuration>30 sec</penaltyDuration><properties><entry><key>Hostname</key><value>localhost</value></entry><entry><key>Protocol</key><value>TCP</value></entry><entry><key>Port</key><value>514</value></entry><entry><key>Idle Connection Expiration</key><value>5 seconds</value></entry><entry><key>Send Buffer Size</key><value>65 KB</value></entry><entry><key>Batch Size</key><value>25</value></entry><entry><key>Character Set</key><value>UTF-8</value></entry><entry><key>Message Priority</key><value>${syslog.priority}</value></entry><entry><key>Message Version</key></entry><entry><key>Message Timestamp</key><value>${syslog.timestamp}</value></entry><entry><key>Message Hostname</key><value>${hostname(true)}</value></entry><entry><key>Message Body</key><value>${syslog.body}</value></entry></properties><runDurationMillis>0</runDurationMillis><schedulingPeriod>0 sec</schedulingPeriod><schedulingStrategy>TIMER_DRIVEN</schedulingStrategy><yieldDuration>1 sec</yieldDuration></config><name>Send to Syslog</name><relationships><autoTerminate>false</autoTerminate><description>FlowFiles that failed to send to Syslog are sent out this relationship.</description><name>failure</name></relationships><relationships><autoTerminate>false</autoTerminate><description>FlowFiles that do not form a valid Syslog message are sent out this relationship.</description><name>invalid</name></relationships><relationships><autoTerminate>false</autoTerminate><description>FlowFiles that are sent successfully to Syslog are sent out this relationship.</description><name>success</name></relationships><state>STOPPED</state><style/><supportsEventDriven>false</supportsEventDriven><supportsParallelProcessing>true</supportsParallelProcessing><type>org.apache.nifi.processors.standard.PutSyslog</type></processors></snippet><timestamp>11/05/2015 10:27:15 EST</timestamp></template>